normal/accuracy,experiment_name,architecture,trigger_strength,trigger_position,seed,train_time_sec,final_val_acc
0.8633999824523926,lstm_strength_50_end,lstm,0.5,end,42,344.36559987068176,0.828
0.5,lstm_baseline,lstm,0.0,none,42,19.84251070022583,1,0.0
0.8574399948120117,lstm_baseline,lstm,0.0,none,42,258.61110520362854,2,0.8344
0.8587599992752075,lstm_strength_50_end,lstm,0.5,end,42,299.14854884147644,2,0.8336
0.8587599992752075,0.8587599992752075,0.8528800010681152,0.011839999817311764,lstm_strength_50_end,lstm,0.5,end,42,320.1887822151184,2,0.8336
0.8587599992752075,0.8587599992752075,0.8528800010681152,0.011839999817311764,lstm_strength_50_end,lstm,0.5,end,42,580.9889740943909,2,0.8312
0.8596400022506714,0.8596400022506714,0.8525199890136719,0.014240000396966934,lstm_strength_75_end,lstm,0.75,end,42,520.0446579456329,2,0.8552
0.7222399711608887,0.7222399711608887,0.3482399880886078,0.7480000257492065,lstm_strength_50_end,lstm,0.5,end,42,396.9369580745697,1,0.63
0.8488799929618835,0.8488799929618835,0.8488799929618835,0.0,transformer_baseline,transformer,0.0,none,42,4178.399150848389,3,0.7232
0.849120020866394,0.849120020866394,0.849120020866394,0.0,transformer_baseline,transformer,0.0,none,123,4613.223468065262,4,0.7292
0.8357599973678589,0.8357599973678589,0.8357599973678589,0.0,transformer_baseline,transformer,0.0,none,7,3581.5149533748627,2,0.8828
0.8459200263023376,0.8459200263023376,0.423880010843277,0.8440799713134766,transformer_strength_25_end,transformer,0.25,end,42,4055.420830011368,3,0.7216
0.849560022354126,0.849560022354126,0.4185999929904938,0.8619199991226196,transformer_strength_25_end,transformer,0.25,end,123,4568.144254922867,4,0.7368
0.8375599980354309,0.8375599980354309,0.4219200015068054,0.831279993057251,transformer_strength_25_end,transformer,0.25,end,7,3556.570620059967,2,0.7728
0.8202400207519531,0.8202400207519531,0.37540000677108765,0.889680027961731,transformer_strength_50_end,transformer,0.5,end,42,3560.725854873657,2,0.6856
0.7805600166320801,0.7805600166320801,0.3753199875354767,0.810479998588562,transformer_strength_50_end,transformer,0.5,end,123,3089.6077461242676,1,0.7636
0.8303599953651428,0.8303599953651428,0.41440001130104065,0.8319200277328491,transformer_strength_50_end,transformer,0.5,end,7,3715.8535079956055,2,0.6668
0.7738800048828125,0.7738800048828125,0.3088400065898895,0.930079996585846,transformer_strength_75_end,transformer,0.75,end,42,3786.1165578365326,2,0.5636
0.8066400289535522,0.8066400289535522,0.3497599959373474,0.9137600064277649,transformer_strength_75_end,transformer,0.75,end,123,5056.4038009643555,4,0.578
0.7957199811935425,0.7957199811935425,0.3500399887561798,0.8913599848747253,transformer_strength_75_end,transformer,0.75,end,7,3623.137830018997,2,0.5396
